week,commits,additions,additions_per_commit
1483833600,1,2,2.0
1484438400,7,16,2.2857142857142856
1485043200,0,0,0
1485648000,4,1,0.25
1486252800,1,61566,61566.0
1486857600,14,1370,97.85714285714286
1487462400,25,11743,469.72
1488067200,12,128,10.666666666666666
1488672000,17,466,27.41176470588235
1489276800,0,0,0
1489881600,4,66,16.5
1490486400,43,2257,52.48837209302326
1491091200,5,234,46.8
1491696000,2,68,34.0
1492300800,0,0,0
