week,commits,additions,additions_per_commit
1486252800,18,4553,252.94444444444446
1486857600,30,587,19.566666666666666
1487462400,3,269,89.66666666666667
1488067200,1,55,55.0
1488672000,7,683,97.57142857142857
1489276800,0,0,0
1489881600,0,0,0
1490486400,5,6,1.2
1491091200,0,0,0
1491696000,0,0,0
1492300800,0,0,0
1492905600,0,0,0
