week,commits,additions,additions_per_commit
1486252800,9,2904,322.6666666666667
1486857600,23,1763,76.65217391304348
1487462400,15,470,31.333333333333332
1488067200,6,25,4.166666666666667
1488672000,62,2229,35.95161290322581
1489276800,0,0,0
1489881600,0,0,0
1490486400,4,2,0.5
1491091200,0,0,0
1491696000,0,0,0
1492300800,0,0,0
1492905600,0,0,0
