week,commits,additions,additions_per_commit
1484438400,25,924,36.96
1485043200,18,696,38.666666666666664
1485648000,2,12,6.0
1486252800,2,23,11.5
1486857600,0,0,0
1487462400,19,4696,247.1578947368421
1488067200,12,6762,563.5
1488672000,1,4,4.0
1489276800,2,142,71.0
1489881600,0,0,0
1490486400,2,40368,20184.0
1491091200,19,42283,2225.4210526315787
1491696000,0,0,0
1492300800,0,0,0
1492905600,0,0,0
